<?xml version="1.0" encoding="UTF-8"?>
<root>
  <item name="com.vinaygaba.creditcardview.CreditCardView int findCardType()">
    <annotation name="android.support.annotation.DrawableRes" />
  </item>
  <item name="com.vinaygaba.creditcardview.CreditCardView int getBrandLogo()">
    <annotation name="android.support.annotation.DrawableRes" />
  </item>
  <item name="com.vinaygaba.creditcardview.CreditCardView int getCardNameTextColor()">
    <annotation name="android.support.annotation.ColorInt" />
  </item>
  <item name="com.vinaygaba.creditcardview.CreditCardView int getCardNumberFormat()">
    <annotation name="android.support.annotation.IntDef">
      <val name="value" val="{com.vinaygaba.creditcardview.CardNumberFormat.ALL_DIGITS, com.vinaygaba.creditcardview.CardNumberFormat.MASKED_ALL_BUT_LAST_FOUR, com.vinaygaba.creditcardview.CardNumberFormat.ONLY_LAST_FOUR, com.vinaygaba.creditcardview.CardNumberFormat.MASKED_ALL}" />
    </annotation>
  </item>
  <item name="com.vinaygaba.creditcardview.CreditCardView int getCardNumberTextColor()">
    <annotation name="android.support.annotation.ColorInt" />
  </item>
  <item name="com.vinaygaba.creditcardview.CreditCardView int getExpiryDateTextColor()">
    <annotation name="android.support.annotation.ColorInt" />
  </item>
  <item name="com.vinaygaba.creditcardview.CreditCardView int getHintTextColor()">
    <annotation name="android.support.annotation.ColorInt" />
  </item>
  <item name="com.vinaygaba.creditcardview.CreditCardView int getLogo(int)">
    <annotation name="android.support.annotation.DrawableRes" />
  </item>
  <item name="com.vinaygaba.creditcardview.CreditCardView int getLogo(int) 0">
    <annotation name="android.support.annotation.IntDef">
      <val name="value" val="{com.vinaygaba.creditcardview.CardType.VISA, com.vinaygaba.creditcardview.CardType.MASTERCARD, com.vinaygaba.creditcardview.CardType.AMERICAN_EXPRESS, com.vinaygaba.creditcardview.CardType.DISCOVER, com.vinaygaba.creditcardview.CardType.AUTO}" />
    </annotation>
  </item>
  <item name="com.vinaygaba.creditcardview.CreditCardView int getType()">
    <annotation name="android.support.annotation.IntDef">
      <val name="value" val="{com.vinaygaba.creditcardview.CardType.VISA, com.vinaygaba.creditcardview.CardType.MASTERCARD, com.vinaygaba.creditcardview.CardType.AMERICAN_EXPRESS, com.vinaygaba.creditcardview.CardType.DISCOVER, com.vinaygaba.creditcardview.CardType.AUTO}" />
    </annotation>
  </item>
  <item name="com.vinaygaba.creditcardview.CreditCardView int getValidTillTextColor()">
    <annotation name="android.support.annotation.ColorInt" />
  </item>
  <item name="com.vinaygaba.creditcardview.CreditCardView void setBrandLogo(int) 0">
    <annotation name="android.support.annotation.DrawableRes" />
  </item>
  <item name="com.vinaygaba.creditcardview.CreditCardView void setCardNameTextColor(int) 0">
    <annotation name="android.support.annotation.ColorInt" />
  </item>
  <item name="com.vinaygaba.creditcardview.CreditCardView void setCardNumberFormat(int) 0">
    <annotation name="android.support.annotation.IntDef">
      <val name="value" val="{com.vinaygaba.creditcardview.CardNumberFormat.ALL_DIGITS, com.vinaygaba.creditcardview.CardNumberFormat.MASKED_ALL_BUT_LAST_FOUR, com.vinaygaba.creditcardview.CardNumberFormat.ONLY_LAST_FOUR, com.vinaygaba.creditcardview.CardNumberFormat.MASKED_ALL}" />
    </annotation>
  </item>
  <item name="com.vinaygaba.creditcardview.CreditCardView void setCardNumberTextColor(int) 0">
    <annotation name="android.support.annotation.ColorInt" />
  </item>
  <item name="com.vinaygaba.creditcardview.CreditCardView void setExpiryDateTextColor(int) 0">
    <annotation name="android.support.annotation.ColorInt" />
  </item>
  <item name="com.vinaygaba.creditcardview.CreditCardView void setHintTextColor(int) 0">
    <annotation name="android.support.annotation.ColorInt" />
  </item>
  <item name="com.vinaygaba.creditcardview.CreditCardView void setType(int) 0">
    <annotation name="android.support.annotation.IntDef">
      <val name="value" val="{com.vinaygaba.creditcardview.CardType.VISA, com.vinaygaba.creditcardview.CardType.MASTERCARD, com.vinaygaba.creditcardview.CardType.AMERICAN_EXPRESS, com.vinaygaba.creditcardview.CardType.DISCOVER, com.vinaygaba.creditcardview.CardType.AUTO}" />
    </annotation>
  </item>
  <item name="com.vinaygaba.creditcardview.CreditCardView void setValidTillTextColor(int) 0">
    <annotation name="android.support.annotation.ColorInt" />
  </item>
</root>

